neighborhood,sex,occupation,destination,value,probability
Bonfim,HM,Empregada,Campanhã,594.0,0.07435223432219301
Bonfim,HM,Empregada,Paranhos,594.0,0.07435223432219301
Bonfim,HM,Empregada,Ramalde,594.0,0.07435223432219301
Bonfim,HM,Empregada,"União das freguesias de Aldoar, Foz do Douro e Nevogilde",594.0,0.07435223432219301
Bonfim,HM,Empregada,"União das freguesias de Cedofeita, Santo Ildefonso, Sé, Miragaia, São Nicolau e Vitória",594.0,0.07435223432219301
Bonfim,HM,Empregada,União das freguesias de Lordelo do Ouro e Massarelos,594.0,0.07435223432219301
Bonfim,HM,Total,Campanhã,824.3333333333334,0.10318354403972128
Bonfim,HM,Total,Paranhos,824.3333333333334,0.10318354403972128
Bonfim,HM,Total,Ramalde,824.3333333333334,0.10318354403972128
Bonfim,HM,Total,"União das freguesias de Aldoar, Foz do Douro e Nevogilde",824.3333333333334,0.10318354403972128
Bonfim,HM,Total,"União das freguesias de Cedofeita, Santo Ildefonso, Sé, Miragaia, São Nicolau e Vitória",824.3333333333334,0.10318354403972128
Bonfim,HM,Total,União das freguesias de Lordelo do Ouro e Massarelos,824.3333333333334,0.10318354403972128
Bonfim,M,Total,Campanhã,441.8333333333333,0.055305211332248506
Bonfim,M,Total,Paranhos,441.8333333333333,0.055305211332248506
Bonfim,M,Total,Ramalde,441.8333333333333,0.055305211332248506
Bonfim,M,Total,"União das freguesias de Aldoar, Foz do Douro e Nevogilde",441.8333333333333,0.055305211332248506
Bonfim,M,Total,"União das freguesias de Cedofeita, Santo Ildefonso, Sé, Miragaia, São Nicolau e Vitória",441.8333333333333,0.055305211332248506
Bonfim,M,Total,União das freguesias de Lordelo do Ouro e Massarelos,441.8333333333333,0.055305211332248506
Bonfim,H,Total,Campanhã,382.5,0.04787833270747278
Bonfim,H,Total,Paranhos,382.5,0.04787833270747278
Bonfim,H,Total,Ramalde,382.5,0.04787833270747278
Bonfim,H,Total,"União das freguesias de Aldoar, Foz do Douro e Nevogilde",382.5,0.04787833270747278
Bonfim,H,Total,"União das freguesias de Cedofeita, Santo Ildefonso, Sé, Miragaia, São Nicolau e Vitória",382.5,0.04787833270747278
Bonfim,H,Total,União das freguesias de Lordelo do Ouro e Massarelos,382.5,0.04787833270747278
Bonfim,M,Empregada,Campanhã,328.5,0.0411190386781825
Bonfim,M,Empregada,Paranhos,328.5,0.0411190386781825
Bonfim,M,Empregada,Ramalde,328.5,0.0411190386781825
Bonfim,M,Empregada,"União das freguesias de Aldoar, Foz do Douro e Nevogilde",328.5,0.0411190386781825
Bonfim,M,Empregada,"União das freguesias de Cedofeita, Santo Ildefonso, Sé, Miragaia, São Nicolau e Vitória",328.5,0.0411190386781825
Bonfim,M,Empregada,União das freguesias de Lordelo do Ouro e Massarelos,328.5,0.0411190386781825
Bonfim,HM,Empregada,Bonfim,1680,0.21028914757791964
Bonfim,M,Total,Bonfim,1625,0.20340468143697585
Bonfim,H,Empregada,Campanhã,265.5,0.03323319564401051
Bonfim,H,Empregada,Paranhos,265.5,0.03323319564401051
Bonfim,H,Empregada,Ramalde,265.5,0.03323319564401051
Bonfim,H,Empregada,"União das freguesias de Aldoar, Foz do Douro e Nevogilde",265.5,0.03323319564401051
Bonfim,H,Empregada,"União das freguesias de Cedofeita, Santo Ildefonso, Sé, Miragaia, São Nicolau e Vitória",265.5,0.03323319564401051
Bonfim,H,Empregada,União das freguesias de Lordelo do Ouro e Massarelos,265.5,0.03323319564401051
Bonfim,H,Estudante,Bonfim,662,0.08286393791463262
Bonfim,H,Total,Bonfim,1418,0.17749405432469645
Bonfim,HM,Estudante,Bonfim,1363,0.17060958818375266
Bonfim,M,Empregada,Bonfim,924,0.11565903116785581
Bonfim,H,Empregada,Bonfim,756,0.09463011641006384
Bonfim,H,Estudante,Campanhã,117.0,0.01464513706346226
Bonfim,H,Estudante,Paranhos,117.0,0.01464513706346226
Bonfim,H,Estudante,Ramalde,117.0,0.01464513706346226
Bonfim,H,Estudante,"União das freguesias de Aldoar, Foz do Douro e Nevogilde",117.0,0.01464513706346226
Bonfim,H,Estudante,"União das freguesias de Cedofeita, Santo Ildefonso, Sé, Miragaia, São Nicolau e Vitória",117.0,0.01464513706346226
Bonfim,H,Estudante,União das freguesias de Lordelo do Ouro e Massarelos,117.0,0.01464513706346226
Bonfim,M,Estudante,Bonfim,701,0.08774565026912004
Bonfim,HM,Total,Total,7989,1.0
Bonfim,M,Estudante,Campanhã,113.33333333333333,0.014186172654066007
Bonfim,M,Estudante,Paranhos,113.33333333333333,0.014186172654066007
Bonfim,M,Estudante,Ramalde,113.33333333333333,0.014186172654066007
Bonfim,M,Estudante,"União das freguesias de Aldoar, Foz do Douro e Nevogilde",113.33333333333333,0.014186172654066007
Bonfim,M,Estudante,"União das freguesias de Cedofeita, Santo Ildefonso, Sé, Miragaia, São Nicolau e Vitória",113.33333333333333,0.014186172654066007
Bonfim,M,Estudante,União das freguesias de Lordelo do Ouro e Massarelos,113.33333333333333,0.014186172654066007
Bonfim,HM,Estudante,Campanhã,230.33333333333334,0.02883130971752827
Bonfim,HM,Estudante,Paranhos,230.33333333333334,0.02883130971752827
Bonfim,HM,Estudante,Ramalde,230.33333333333334,0.02883130971752827
Bonfim,HM,Estudante,"União das freguesias de Aldoar, Foz do Douro e Nevogilde",230.33333333333334,0.02883130971752827
Bonfim,HM,Estudante,"União das freguesias de Cedofeita, Santo Ildefonso, Sé, Miragaia, São Nicolau e Vitória",230.33333333333334,0.02883130971752827
Bonfim,HM,Estudante,União das freguesias de Lordelo do Ouro e Massarelos,230.33333333333334,0.02883130971752827
Bonfim,HM,Total,Bonfim,3043,0.3808987357616723
Campanhã,M,Empregada,Campanhã,923,0.09649764767381076
Campanhã,H,Estudante,Bonfim,147.33333333333334,0.01540338037985712
Campanhã,H,Estudante,Paranhos,147.33333333333334,0.01540338037985712
Campanhã,H,Estudante,Ramalde,147.33333333333334,0.01540338037985712
Campanhã,H,Estudante,"União das freguesias de Aldoar, Foz do Douro e Nevogilde",147.33333333333334,0.01540338037985712
Campanhã,H,Estudante,"União das freguesias de Cedofeita, Santo Ildefonso, Sé, Miragaia, São Nicolau e Vitória",147.33333333333334,0.01540338037985712
Campanhã,H,Estudante,União das freguesias de Lordelo do Ouro e Massarelos,147.33333333333334,0.01540338037985712
Campanhã,HM,Total,Bonfim,973.5,0.10177731312075275
Campanhã,HM,Total,Paranhos,973.5,0.10177731312075275
Campanhã,HM,Total,Ramalde,973.5,0.10177731312075275
Campanhã,HM,Total,"União das freguesias de Aldoar, Foz do Douro e Nevogilde",973.5,0.10177731312075275
Campanhã,HM,Total,"União das freguesias de Cedofeita, Santo Ildefonso, Sé, Miragaia, São Nicolau e Vitória",973.5,0.10177731312075275
Campanhã,HM,Total,União das freguesias de Lordelo do Ouro e Massarelos,973.5,0.10177731312075275
Campanhã,HM,Empregada,Bonfim,684.0,0.07151071615263983
Campanhã,HM,Empregada,Paranhos,684.0,0.07151071615263983
Campanhã,HM,Empregada,Ramalde,684.0,0.07151071615263983
Campanhã,HM,Empregada,"União das freguesias de Aldoar, Foz do Douro e Nevogilde",684.0,0.07151071615263983
Campanhã,HM,Empregada,"União das freguesias de Cedofeita, Santo Ildefonso, Sé, Miragaia, São Nicolau e Vitória",684.0,0.07151071615263983
Campanhã,HM,Empregada,União das freguesias de Lordelo do Ouro e Massarelos,684.0,0.07151071615263983
Campanhã,HM,Total,Campanhã,3724,0.38933612127548356
Campanhã,M,Total,Bonfim,536.5,0.056089911134343966
Campanhã,M,Total,Paranhos,536.5,0.056089911134343966
Campanhã,M,Total,Ramalde,536.5,0.056089911134343966
Campanhã,M,Total,"União das freguesias de Aldoar, Foz do Douro e Nevogilde",536.5,0.056089911134343966
Campanhã,M,Total,"União das freguesias de Cedofeita, Santo Ildefonso, Sé, Miragaia, São Nicolau e Vitória",536.5,0.056089911134343966
Campanhã,M,Total,União das freguesias de Lordelo do Ouro e Massarelos,536.5,0.056089911134343966
Campanhã,H,Total,Bonfim,437.0,0.045687401986408784
Campanhã,H,Total,Paranhos,437.0,0.045687401986408784
Campanhã,H,Total,Ramalde,437.0,0.045687401986408784
Campanhã,H,Total,"União das freguesias de Aldoar, Foz do Douro e Nevogilde",437.0,0.045687401986408784
Campanhã,H,Total,"União das freguesias de Cedofeita, Santo Ildefonso, Sé, Miragaia, São Nicolau e Vitória",437.0,0.045687401986408784
Campanhã,H,Total,União das freguesias de Lordelo do Ouro e Massarelos,437.0,0.045687401986408784
Campanhã,M,Empregada,Bonfim,394.3333333333333,0.04122669454608817
Campanhã,M,Empregada,Paranhos,394.3333333333333,0.04122669454608817
Campanhã,M,Empregada,Ramalde,394.3333333333333,0.04122669454608817
Campanhã,M,Empregada,"União das freguesias de Aldoar, Foz do Douro e Nevogilde",394.3333333333333,0.04122669454608817
Campanhã,M,Empregada,"União das freguesias de Cedofeita, Santo Ildefonso, Sé, Miragaia, São Nicolau e Vitória",394.3333333333333,0.04122669454608817
Campanhã,M,Empregada,União das freguesias de Lordelo do Ouro e Massarelos,394.3333333333333,0.04122669454608817
Campanhã,HM,Estudante,Campanhã,2075,0.21693674856246734
Campanhã,M,Total,Campanhã,1943,0.20313643491897543
Campanhã,H,Total,Campanhã,1781,0.1861996863565081
Campanhã,H,Empregada,Bonfim,289.6666666666667,0.030284021606551664
Campanhã,H,Empregada,Paranhos,289.6666666666667,0.030284021606551664
Campanhã,H,Empregada,Ramalde,289.6666666666667,0.030284021606551664
Campanhã,H,Empregada,"União das freguesias de Aldoar, Foz do Douro e Nevogilde",289.6666666666667,0.030284021606551664
Campanhã,H,Empregada,"União das freguesias de Cedofeita, Santo Ildefonso, Sé, Miragaia, São Nicolau e Vitória",289.6666666666667,0.030284021606551664
Campanhã,H,Empregada,União das freguesias de Lordelo do Ouro e Massarelos,289.6666666666667,0.030284021606551664
Campanhã,HM,Estudante,Bonfim,289.5,0.030266596968112913
Campanhã,HM,Estudante,Paranhos,289.5,0.030266596968112913
Campanhã,HM,Estudante,Ramalde,289.5,0.030266596968112913
Campanhã,HM,Estudante,"União das freguesias de Aldoar, Foz do Douro e Nevogilde",289.5,0.030266596968112913
Campanhã,HM,Estudante,"União das freguesias de Cedofeita, Santo Ildefonso, Sé, Miragaia, São Nicolau e Vitória",289.5,0.030266596968112913
Campanhã,HM,Estudante,União das freguesias de Lordelo do Ouro e Massarelos,289.5,0.030266596968112913
Campanhã,HM,Empregada,Campanhã,1649,0.1723993727130162
Campanhã,HM,Total,Total,9565,1.0
Campanhã,H,Estudante,Campanhã,1055,0.11029796131730267
Campanhã,M,Estudante,Campanhã,1020,0.10663878724516467
Campanhã,M,Estudante,Bonfim,142.16666666666666,0.014863216588255793
Campanhã,M,Estudante,Paranhos,142.16666666666666,0.014863216588255793
Campanhã,M,Estudante,Ramalde,142.16666666666666,0.014863216588255793
Campanhã,M,Estudante,"União das freguesias de Aldoar, Foz do Douro e Nevogilde",142.16666666666666,0.014863216588255793
Campanhã,M,Estudante,"União das freguesias de Cedofeita, Santo Ildefonso, Sé, Miragaia, São Nicolau e Vitória",142.16666666666666,0.014863216588255793
Campanhã,M,Estudante,União das freguesias de Lordelo do Ouro e Massarelos,142.16666666666666,0.014863216588255793
Campanhã,H,Empregada,Campanhã,726,0.07590172503920543
Paranhos,M,Empregada,Paranhos,53,0.0031005031005031003
Paranhos,M,Estudante,Bonfim,4.166666666666667,0.00024375024375024377
Paranhos,M,Estudante,Campanhã,4.166666666666667,0.00024375024375024377
Paranhos,M,Estudante,Ramalde,4.166666666666667,0.00024375024375024377
Paranhos,M,Estudante,"União das freguesias de Aldoar, Foz do Douro e Nevogilde",4.166666666666667,0.00024375024375024377
Paranhos,M,Estudante,"União das freguesias de Cedofeita, Santo Ildefonso, Sé, Miragaia, São Nicolau e Vitória",4.166666666666667,0.00024375024375024377
Paranhos,M,Estudante,União das freguesias de Lordelo do Ouro e Massarelos,4.166666666666667,0.00024375024375024377
Paranhos,H,Estudante,Paranhos,25,0.0014625014625014624
Paranhos,H,Total,Paranhos,3387,0.19813969813969814
Paranhos,HM,Estudante,Paranhos,3664,0.21434421434421436
Paranhos,HM,Empregada,Paranhos,3708,0.21691821691821692
Paranhos,M,Empregada,Bonfim,633.6666666666666,0.03706953706953707
Paranhos,M,Empregada,Campanhã,633.6666666666666,0.03706953706953707
Paranhos,M,Empregada,Ramalde,633.6666666666666,0.03706953706953707
Paranhos,M,Empregada,"União das freguesias de Aldoar, Foz do Douro e Nevogilde",633.6666666666666,0.03706953706953707
Paranhos,M,Empregada,"União das freguesias de Cedofeita, Santo Ildefonso, Sé, Miragaia, São Nicolau e Vitória",633.6666666666666,0.03706953706953707
Paranhos,M,Empregada,União das freguesias de Lordelo do Ouro e Massarelos,633.6666666666666,0.03706953706953707
Paranhos,M,Total,Paranhos,3985,0.23312273312273313
Paranhos,H,Total,Bonfim,711.8333333333334,0.04164229164229164
Paranhos,H,Total,Campanhã,711.8333333333334,0.04164229164229164
Paranhos,H,Total,Ramalde,711.8333333333334,0.04164229164229164
Paranhos,H,Total,"União das freguesias de Aldoar, Foz do Douro e Nevogilde",711.8333333333334,0.04164229164229164
Paranhos,H,Total,"União das freguesias de Cedofeita, Santo Ildefonso, Sé, Miragaia, São Nicolau e Vitória",711.8333333333334,0.04164229164229164
Paranhos,H,Total,União das freguesias de Lordelo do Ouro e Massarelos,711.8333333333334,0.04164229164229164
Paranhos,M,Total,Bonfim,848.5,0.04963729963729964
Paranhos,M,Total,Campanhã,848.5,0.04963729963729964
Paranhos,M,Total,Ramalde,848.5,0.04963729963729964
Paranhos,M,Total,"União das freguesias de Aldoar, Foz do Douro e Nevogilde",848.5,0.04963729963729964
Paranhos,M,Total,"União das freguesias de Cedofeita, Santo Ildefonso, Sé, Miragaia, São Nicolau e Vitória",848.5,0.04963729963729964
Paranhos,M,Total,União das freguesias de Lordelo do Ouro e Massarelos,848.5,0.04963729963729964
Paranhos,HM,Empregada,Bonfim,1142.0,0.0668070668070668
Paranhos,HM,Empregada,Campanhã,1142.0,0.0668070668070668
Paranhos,HM,Empregada,Ramalde,1142.0,0.0668070668070668
Paranhos,HM,Empregada,"União das freguesias de Aldoar, Foz do Douro e Nevogilde",1142.0,0.0668070668070668
Paranhos,HM,Empregada,"União das freguesias de Cedofeita, Santo Ildefonso, Sé, Miragaia, São Nicolau e Vitória",1142.0,0.0668070668070668
Paranhos,HM,Empregada,União das freguesias de Lordelo do Ouro e Massarelos,1142.0,0.0668070668070668
Paranhos,HM,Total,Paranhos,7372,0.43126243126243125
Paranhos,HM,Total,Bonfim,1560.3333333333333,0.09127959127959127
Paranhos,HM,Total,Campanhã,1560.3333333333333,0.09127959127959127
Paranhos,HM,Total,Ramalde,1560.3333333333333,0.09127959127959127
Paranhos,HM,Total,"União das freguesias de Aldoar, Foz do Douro e Nevogilde",1560.3333333333333,0.09127959127959127
Paranhos,HM,Total,"União das freguesias de Cedofeita, Santo Ildefonso, Sé, Miragaia, São Nicolau e Vitória",1560.3333333333333,0.09127959127959127
Paranhos,HM,Total,União das freguesias de Lordelo do Ouro e Massarelos,1560.3333333333333,0.09127959127959127
Paranhos,H,Empregada,Bonfim,508.3333333333333,0.029737529737529737
Paranhos,H,Empregada,Campanhã,508.3333333333333,0.029737529737529737
Paranhos,H,Empregada,Ramalde,508.3333333333333,0.029737529737529737
Paranhos,H,Empregada,"União das freguesias de Aldoar, Foz do Douro e Nevogilde",508.3333333333333,0.029737529737529737
Paranhos,H,Empregada,"União das freguesias de Cedofeita, Santo Ildefonso, Sé, Miragaia, São Nicolau e Vitória",508.3333333333333,0.029737529737529737
Paranhos,H,Empregada,União das freguesias de Lordelo do Ouro e Massarelos,508.3333333333333,0.029737529737529737
Paranhos,HM,Estudante,Bonfim,418.3333333333333,0.02447252447252447
Paranhos,HM,Estudante,Campanhã,418.3333333333333,0.02447252447252447
Paranhos,HM,Estudante,Ramalde,418.3333333333333,0.02447252447252447
Paranhos,HM,Estudante,"União das freguesias de Aldoar, Foz do Douro e Nevogilde",418.3333333333333,0.02447252447252447
Paranhos,HM,Estudante,"União das freguesias de Cedofeita, Santo Ildefonso, Sé, Miragaia, São Nicolau e Vitória",418.3333333333333,0.02447252447252447
Paranhos,HM,Estudante,União das freguesias de Lordelo do Ouro e Massarelos,418.3333333333333,0.02447252447252447
Paranhos,M,Empregada,Paranhos,2224,0.1301041301041301
Paranhos,H,Estudante,Paranhos,1903,0.11132561132561132
Paranhos,HM,Estudante,Paranhos,65,0.0038025038025038026
Paranhos,H,Total,Bonfim,11.333333333333334,0.000663000663000663
Paranhos,H,Total,Campanhã,11.333333333333334,0.000663000663000663
Paranhos,H,Total,Ramalde,11.333333333333334,0.000663000663000663
Paranhos,H,Total,"União das freguesias de Aldoar, Foz do Douro e Nevogilde",11.333333333333334,0.000663000663000663
Paranhos,H,Total,"União das freguesias de Cedofeita, Santo Ildefonso, Sé, Miragaia, São Nicolau e Vitória",11.333333333333334,0.000663000663000663
Paranhos,H,Total,União das freguesias de Lordelo do Ouro e Massarelos,11.333333333333334,0.000663000663000663
Paranhos,H,Empregada,Paranhos,70,0.004095004095004095
Paranhos,M,Empregada,Bonfim,13.166666666666666,0.0007702507702507702
Paranhos,M,Empregada,Campanhã,13.166666666666666,0.0007702507702507702
Paranhos,M,Empregada,Ramalde,13.166666666666666,0.0007702507702507702
Paranhos,M,Empregada,"União das freguesias de Aldoar, Foz do Douro e Nevogilde",13.166666666666666,0.0007702507702507702
Paranhos,M,Empregada,"União das freguesias de Cedofeita, Santo Ildefonso, Sé, Miragaia, São Nicolau e Vitória",13.166666666666666,0.0007702507702507702
Paranhos,M,Empregada,União das freguesias de Lordelo do Ouro e Massarelos,13.166666666666666,0.0007702507702507702
Paranhos,M,Total,Paranhos,93,0.00544050544050544
Paranhos,H,Total,Paranhos,95,0.005557505557505557
Paranhos,M,Total,Bonfim,17.333333333333332,0.001014001014001014
Paranhos,M,Total,Campanhã,17.333333333333332,0.001014001014001014
Paranhos,M,Total,Ramalde,17.333333333333332,0.001014001014001014
Paranhos,M,Total,"União das freguesias de Aldoar, Foz do Douro e Nevogilde",17.333333333333332,0.001014001014001014
Paranhos,M,Total,"União das freguesias de Cedofeita, Santo Ildefonso, Sé, Miragaia, São Nicolau e Vitória",17.333333333333332,0.001014001014001014
Paranhos,M,Total,União das freguesias de Lordelo do Ouro e Massarelos,17.333333333333332,0.001014001014001014
Paranhos,HM,Empregada,Paranhos,123,0.007195507195507196
Paranhos,HM,Empregada,Bonfim,20.833333333333332,0.0012187512187512187
Paranhos,HM,Empregada,Campanhã,20.833333333333332,0.0012187512187512187
Paranhos,HM,Empregada,Ramalde,20.833333333333332,0.0012187512187512187
Paranhos,HM,Empregada,"União das freguesias de Aldoar, Foz do Douro e Nevogilde",20.833333333333332,0.0012187512187512187
Paranhos,HM,Empregada,"União das freguesias de Cedofeita, Santo Ildefonso, Sé, Miragaia, São Nicolau e Vitória",20.833333333333332,0.0012187512187512187
Paranhos,HM,Empregada,União das freguesias de Lordelo do Ouro e Massarelos,20.833333333333332,0.0012187512187512187
Paranhos,HM,Total,Bonfim,28.666666666666668,0.0016770016770016772
Paranhos,HM,Total,Campanhã,28.666666666666668,0.0016770016770016772
Paranhos,HM,Total,Ramalde,28.666666666666668,0.0016770016770016772
Paranhos,HM,Total,"União das freguesias de Aldoar, Foz do Douro e Nevogilde",28.666666666666668,0.0016770016770016772
Paranhos,HM,Total,"União das freguesias de Cedofeita, Santo Ildefonso, Sé, Miragaia, São Nicolau e Vitória",28.666666666666668,0.0016770016770016772
Paranhos,HM,Total,União das freguesias de Lordelo do Ouro e Massarelos,28.666666666666668,0.0016770016770016772
Paranhos,HM,Total,Paranhos,188,0.010998010998010998
Paranhos,H,Estudante,Bonfim,203.5,0.011904761904761904
Paranhos,H,Estudante,Campanhã,203.5,0.011904761904761904
Paranhos,H,Estudante,Ramalde,203.5,0.011904761904761904
Paranhos,H,Estudante,"União das freguesias de Aldoar, Foz do Douro e Nevogilde",203.5,0.011904761904761904
Paranhos,H,Estudante,"União das freguesias de Cedofeita, Santo Ildefonso, Sé, Miragaia, São Nicolau e Vitória",203.5,0.011904761904761904
Paranhos,H,Estudante,União das freguesias de Lordelo do Ouro e Massarelos,203.5,0.011904761904761904
Paranhos,M,Estudante,Bonfim,214.83333333333334,0.012567762567762568
Paranhos,M,Estudante,Campanhã,214.83333333333334,0.012567762567762568
Paranhos,M,Estudante,Ramalde,214.83333333333334,0.012567762567762568
Paranhos,M,Estudante,"União das freguesias de Aldoar, Foz do Douro e Nevogilde",214.83333333333334,0.012567762567762568
Paranhos,M,Estudante,"União das freguesias de Cedofeita, Santo Ildefonso, Sé, Miragaia, São Nicolau e Vitória",214.83333333333334,0.012567762567762568
Paranhos,M,Estudante,União das freguesias de Lordelo do Ouro e Massarelos,214.83333333333334,0.012567762567762568
Paranhos,H,Empregada,Paranhos,1484,0.08681408681408681
Paranhos,M,Estudante,Paranhos,1761,0.10301860301860302
Paranhos,HM,Estudante,Bonfim,7.833333333333333,0.00045825045825045825
Paranhos,HM,Estudante,Campanhã,7.833333333333333,0.00045825045825045825
Paranhos,HM,Estudante,Ramalde,7.833333333333333,0.00045825045825045825
Paranhos,HM,Estudante,"União das freguesias de Aldoar, Foz do Douro e Nevogilde",7.833333333333333,0.00045825045825045825
Paranhos,HM,Estudante,"União das freguesias de Cedofeita, Santo Ildefonso, Sé, Miragaia, São Nicolau e Vitória",7.833333333333333,0.00045825045825045825
Paranhos,HM,Estudante,União das freguesias de Lordelo do Ouro e Massarelos,7.833333333333333,0.00045825045825045825
Paranhos,H,Empregada,Bonfim,7.666666666666667,0.00044850044850044854
Paranhos,H,Empregada,Campanhã,7.666666666666667,0.00044850044850044854
Paranhos,H,Empregada,Ramalde,7.666666666666667,0.00044850044850044854
Paranhos,H,Empregada,"União das freguesias de Aldoar, Foz do Douro e Nevogilde",7.666666666666667,0.00044850044850044854
Paranhos,H,Empregada,"União das freguesias de Cedofeita, Santo Ildefonso, Sé, Miragaia, São Nicolau e Vitória",7.666666666666667,0.00044850044850044854
Paranhos,H,Empregada,União das freguesias de Lordelo do Ouro e Massarelos,7.666666666666667,0.00044850044850044854
Paranhos,M,Estudante,Paranhos,40,0.00234000234000234
Paranhos,HM,Total,Total,17094,1.0
Paranhos,H,Estudante,Bonfim,3.6666666666666665,0.0002145002145002145
Paranhos,H,Estudante,Campanhã,3.6666666666666665,0.0002145002145002145
Paranhos,H,Estudante,Ramalde,3.6666666666666665,0.0002145002145002145
Paranhos,H,Estudante,"União das freguesias de Aldoar, Foz do Douro e Nevogilde",3.6666666666666665,0.0002145002145002145
Paranhos,H,Estudante,"União das freguesias de Cedofeita, Santo Ildefonso, Sé, Miragaia, São Nicolau e Vitória",3.6666666666666665,0.0002145002145002145
Paranhos,H,Estudante,União das freguesias de Lordelo do Ouro e Massarelos,3.6666666666666665,0.0002145002145002145
Ramalde,M,Estudante,Ramalde,1247,0.08431372549019608
Ramalde,H,Empregada,Ramalde,1062,0.0718052738336714
Ramalde,H,Estudante,Ramalde,1302,0.08803245436105477
Ramalde,M,Empregada,Ramalde,1371,0.09269776876267749
Ramalde,H,Estudante,Bonfim,285.3333333333333,0.019292314627000224
Ramalde,H,Estudante,Campanhã,285.3333333333333,0.019292314627000224
Ramalde,H,Estudante,Paranhos,285.3333333333333,0.019292314627000224
Ramalde,H,Estudante,"União das freguesias de Aldoar, Foz do Douro e Nevogilde",285.3333333333333,0.019292314627000224
Ramalde,H,Estudante,"União das freguesias de Cedofeita, Santo Ildefonso, Sé, Miragaia, São Nicolau e Vitória",285.3333333333333,0.019292314627000224
Ramalde,H,Estudante,União das freguesias de Lordelo do Ouro e Massarelos,285.3333333333333,0.019292314627000224
Ramalde,M,Estudante,Bonfim,287.6666666666667,0.019450078882127565
Ramalde,M,Estudante,Campanhã,287.6666666666667,0.019450078882127565
Ramalde,M,Estudante,Paranhos,287.6666666666667,0.019450078882127565
Ramalde,M,Estudante,"União das freguesias de Aldoar, Foz do Douro e Nevogilde",287.6666666666667,0.019450078882127565
Ramalde,M,Estudante,"União das freguesias de Cedofeita, Santo Ildefonso, Sé, Miragaia, São Nicolau e Vitória",287.6666666666667,0.019450078882127565
Ramalde,M,Estudante,União das freguesias de Lordelo do Ouro e Massarelos,287.6666666666667,0.019450078882127565
Ramalde,H,Total,Ramalde,2364,0.15983772819472616
Ramalde,HM,Estudante,Ramalde,2549,0.17234617985125084
Ramalde,M,Total,Ramalde,2618,0.17701149425287357
Ramalde,HM,Empregada,Ramalde,2433,0.16450304259634888
Ramalde,HM,Estudante,Bonfim,573.0,0.03874239350912779
Ramalde,HM,Estudante,Campanhã,573.0,0.03874239350912779
Ramalde,HM,Estudante,Paranhos,573.0,0.03874239350912779
Ramalde,HM,Estudante,"União das freguesias de Aldoar, Foz do Douro e Nevogilde",573.0,0.03874239350912779
Ramalde,HM,Estudante,"União das freguesias de Cedofeita, Santo Ildefonso, Sé, Miragaia, São Nicolau e Vitória",573.0,0.03874239350912779
Ramalde,HM,Estudante,União das freguesias de Lordelo do Ouro e Massarelos,573.0,0.03874239350912779
Ramalde,M,Empregada,Bonfim,618.5,0.04181879648411089
Ramalde,M,Empregada,Campanhã,618.5,0.04181879648411089
Ramalde,M,Empregada,Paranhos,618.5,0.04181879648411089
Ramalde,M,Empregada,"União das freguesias de Aldoar, Foz do Douro e Nevogilde",618.5,0.04181879648411089
Ramalde,M,Empregada,"União das freguesias de Cedofeita, Santo Ildefonso, Sé, Miragaia, São Nicolau e Vitória",618.5,0.04181879648411089
Ramalde,M,Empregada,União das freguesias de Lordelo do Ouro e Massarelos,618.5,0.04181879648411089
Ramalde,H,Total,Bonfim,728.5,0.049256254225828265
Ramalde,H,Total,Campanhã,728.5,0.049256254225828265
Ramalde,H,Total,Paranhos,728.5,0.049256254225828265
Ramalde,H,Total,"União das freguesias de Aldoar, Foz do Douro e Nevogilde",728.5,0.049256254225828265
Ramalde,H,Total,"União das freguesias de Cedofeita, Santo Ildefonso, Sé, Miragaia, São Nicolau e Vitória",728.5,0.049256254225828265
Ramalde,H,Total,União das freguesias de Lordelo do Ouro e Massarelos,728.5,0.049256254225828265
Ramalde,HM,Total,Ramalde,4982,0.33684922244759974
Ramalde,M,Total,Bonfim,906.1666666666666,0.06126887536623845
Ramalde,M,Total,Campanhã,906.1666666666666,0.06126887536623845
Ramalde,M,Total,Paranhos,906.1666666666666,0.06126887536623845
Ramalde,M,Total,"União das freguesias de Aldoar, Foz do Douro e Nevogilde",906.1666666666666,0.06126887536623845
Ramalde,M,Total,"União das freguesias de Cedofeita, Santo Ildefonso, Sé, Miragaia, São Nicolau e Vitória",906.1666666666666,0.06126887536623845
Ramalde,M,Total,União das freguesias de Lordelo do Ouro e Massarelos,906.1666666666666,0.06126887536623845
Ramalde,HM,Empregada,Bonfim,1061.6666666666667,0.07178273608293893
Ramalde,HM,Empregada,Campanhã,1061.6666666666667,0.07178273608293893
Ramalde,HM,Empregada,Paranhos,1061.6666666666667,0.07178273608293893
Ramalde,HM,Empregada,"União das freguesias de Aldoar, Foz do Douro e Nevogilde",1061.6666666666667,0.07178273608293893
Ramalde,HM,Empregada,"União das freguesias de Cedofeita, Santo Ildefonso, Sé, Miragaia, São Nicolau e Vitória",1061.6666666666667,0.07178273608293893
Ramalde,HM,Empregada,União das freguesias de Lordelo do Ouro e Massarelos,1061.6666666666667,0.07178273608293893
Ramalde,HM,Total,Bonfim,1634.6666666666667,0.11052512959206671
Ramalde,HM,Total,Campanhã,1634.6666666666667,0.11052512959206671
Ramalde,HM,Total,Paranhos,1634.6666666666667,0.11052512959206671
Ramalde,HM,Total,"União das freguesias de Aldoar, Foz do Douro e Nevogilde",1634.6666666666667,0.11052512959206671
Ramalde,HM,Total,"União das freguesias de Cedofeita, Santo Ildefonso, Sé, Miragaia, São Nicolau e Vitória",1634.6666666666667,0.11052512959206671
Ramalde,HM,Total,União das freguesias de Lordelo do Ouro e Massarelos,1634.6666666666667,0.11052512959206671
Ramalde,HM,Total,Total,14790,1.0
Ramalde,H,Empregada,Bonfim,443.1666666666667,0.029963939598828038
Ramalde,H,Empregada,Campanhã,443.1666666666667,0.029963939598828038
Ramalde,H,Empregada,Paranhos,443.1666666666667,0.029963939598828038
Ramalde,H,Empregada,"União das freguesias de Aldoar, Foz do Douro e Nevogilde",443.1666666666667,0.029963939598828038
Ramalde,H,Empregada,"União das freguesias de Cedofeita, Santo Ildefonso, Sé, Miragaia, São Nicolau e Vitória",443.1666666666667,0.029963939598828038
Ramalde,H,Empregada,União das freguesias de Lordelo do Ouro e Massarelos,443.1666666666667,0.029963939598828038
"União das freguesias de Aldoar, Foz do Douro e Nevogilde",HM,Estudante,"União das freguesias de Aldoar, Foz do Douro e Nevogilde",2596,0.23740283493369913
"União das freguesias de Aldoar, Foz do Douro e Nevogilde",HM,Total,Bonfim,1112.3333333333333,0.10172229843011735
"União das freguesias de Aldoar, Foz do Douro e Nevogilde",HM,Total,Campanhã,1112.3333333333333,0.10172229843011735
"União das freguesias de Aldoar, Foz do Douro e Nevogilde",HM,Total,Paranhos,1112.3333333333333,0.10172229843011735
"União das freguesias de Aldoar, Foz do Douro e Nevogilde",HM,Total,Ramalde,1112.3333333333333,0.10172229843011735
"União das freguesias de Aldoar, Foz do Douro e Nevogilde",HM,Total,"União das freguesias de Cedofeita, Santo Ildefonso, Sé, Miragaia, São Nicolau e Vitória",1112.3333333333333,0.10172229843011735
"União das freguesias de Aldoar, Foz do Douro e Nevogilde",HM,Total,União das freguesias de Lordelo do Ouro e Massarelos,1112.3333333333333,0.10172229843011735
"União das freguesias de Aldoar, Foz do Douro e Nevogilde",HM,Empregada,Bonfim,713.5,0.06524919981710105
"União das freguesias de Aldoar, Foz do Douro e Nevogilde",HM,Empregada,Campanhã,713.5,0.06524919981710105
"União das freguesias de Aldoar, Foz do Douro e Nevogilde",HM,Empregada,Paranhos,713.5,0.06524919981710105
"União das freguesias de Aldoar, Foz do Douro e Nevogilde",HM,Empregada,Ramalde,713.5,0.06524919981710105
"União das freguesias de Aldoar, Foz do Douro e Nevogilde",HM,Empregada,"União das freguesias de Cedofeita, Santo Ildefonso, Sé, Miragaia, São Nicolau e Vitória",713.5,0.06524919981710105
"União das freguesias de Aldoar, Foz do Douro e Nevogilde",HM,Empregada,União das freguesias de Lordelo do Ouro e Massarelos,713.5,0.06524919981710105
"União das freguesias de Aldoar, Foz do Douro e Nevogilde",HM,Total,"União das freguesias de Aldoar, Foz do Douro e Nevogilde",4261,0.38966620941929586
"União das freguesias de Aldoar, Foz do Douro e Nevogilde",M,Total,Bonfim,568.3333333333334,0.051973784484072555
"União das freguesias de Aldoar, Foz do Douro e Nevogilde",M,Total,Campanhã,568.3333333333334,0.051973784484072555
"União das freguesias de Aldoar, Foz do Douro e Nevogilde",M,Total,Paranhos,568.3333333333334,0.051973784484072555
"União das freguesias de Aldoar, Foz do Douro e Nevogilde",M,Total,Ramalde,568.3333333333334,0.051973784484072555
"União das freguesias de Aldoar, Foz do Douro e Nevogilde",M,Total,"União das freguesias de Cedofeita, Santo Ildefonso, Sé, Miragaia, São Nicolau e Vitória",568.3333333333334,0.051973784484072555
"União das freguesias de Aldoar, Foz do Douro e Nevogilde",M,Total,União das freguesias de Lordelo do Ouro e Massarelos,568.3333333333334,0.051973784484072555
"União das freguesias de Aldoar, Foz do Douro e Nevogilde",H,Total,Bonfim,544.0,0.04974851394604481
"União das freguesias de Aldoar, Foz do Douro e Nevogilde",H,Total,Campanhã,544.0,0.04974851394604481
"União das freguesias de Aldoar, Foz do Douro e Nevogilde",H,Total,Paranhos,544.0,0.04974851394604481
"União das freguesias de Aldoar, Foz do Douro e Nevogilde",H,Total,Ramalde,544.0,0.04974851394604481
"União das freguesias de Aldoar, Foz do Douro e Nevogilde",H,Total,"União das freguesias de Cedofeita, Santo Ildefonso, Sé, Miragaia, São Nicolau e Vitória",544.0,0.04974851394604481
"União das freguesias de Aldoar, Foz do Douro e Nevogilde",H,Total,União das freguesias de Lordelo do Ouro e Massarelos,544.0,0.04974851394604481
"União das freguesias de Aldoar, Foz do Douro e Nevogilde",HM,Estudante,Bonfim,398.8333333333333,0.03647309861301631
"União das freguesias de Aldoar, Foz do Douro e Nevogilde",HM,Estudante,Campanhã,398.8333333333333,0.03647309861301631
"União das freguesias de Aldoar, Foz do Douro e Nevogilde",HM,Estudante,Paranhos,398.8333333333333,0.03647309861301631
"União das freguesias de Aldoar, Foz do Douro e Nevogilde",HM,Estudante,Ramalde,398.8333333333333,0.03647309861301631
"União das freguesias de Aldoar, Foz do Douro e Nevogilde",HM,Estudante,"União das freguesias de Cedofeita, Santo Ildefonso, Sé, Miragaia, São Nicolau e Vitória",398.8333333333333,0.03647309861301631
"União das freguesias de Aldoar, Foz do Douro e Nevogilde",HM,Estudante,União das freguesias de Lordelo do Ouro e Massarelos,398.8333333333333,0.03647309861301631
"União das freguesias de Aldoar, Foz do Douro e Nevogilde",H,Empregada,"União das freguesias de Aldoar, Foz do Douro e Nevogilde",657,0.060082304526748974
"União das freguesias de Aldoar, Foz do Douro e Nevogilde",M,Empregada,Bonfim,374.3333333333333,0.03423258649596098
"União das freguesias de Aldoar, Foz do Douro e Nevogilde",M,Empregada,Campanhã,374.3333333333333,0.03423258649596098
"União das freguesias de Aldoar, Foz do Douro e Nevogilde",M,Empregada,Paranhos,374.3333333333333,0.03423258649596098
"União das freguesias de Aldoar, Foz do Douro e Nevogilde",M,Empregada,Ramalde,374.3333333333333,0.03423258649596098
"União das freguesias de Aldoar, Foz do Douro e Nevogilde",M,Empregada,"União das freguesias de Cedofeita, Santo Ildefonso, Sé, Miragaia, São Nicolau e Vitória",374.3333333333333,0.03423258649596098
"União das freguesias de Aldoar, Foz do Douro e Nevogilde",M,Empregada,União das freguesias de Lordelo do Ouro e Massarelos,374.3333333333333,0.03423258649596098
"União das freguesias de Aldoar, Foz do Douro e Nevogilde",H,Empregada,Bonfim,339.1666666666667,0.03101661332114007
"União das freguesias de Aldoar, Foz do Douro e Nevogilde",H,Empregada,Campanhã,339.1666666666667,0.03101661332114007
"União das freguesias de Aldoar, Foz do Douro e Nevogilde",H,Empregada,Paranhos,339.1666666666667,0.03101661332114007
"União das freguesias de Aldoar, Foz do Douro e Nevogilde",H,Empregada,Ramalde,339.1666666666667,0.03101661332114007
"União das freguesias de Aldoar, Foz do Douro e Nevogilde",H,Empregada,"União das freguesias de Cedofeita, Santo Ildefonso, Sé, Miragaia, São Nicolau e Vitória",339.1666666666667,0.03101661332114007
"União das freguesias de Aldoar, Foz do Douro e Nevogilde",H,Empregada,União das freguesias de Lordelo do Ouro e Massarelos,339.1666666666667,0.03101661332114007
"União das freguesias de Aldoar, Foz do Douro e Nevogilde",H,Total,"União das freguesias de Aldoar, Foz do Douro e Nevogilde",1990,0.18198445358939186
"União das freguesias de Aldoar, Foz do Douro e Nevogilde",HM,Empregada,"União das freguesias de Aldoar, Foz do Douro e Nevogilde",1665,0.1522633744855967
"União das freguesias de Aldoar, Foz do Douro e Nevogilde",H,Estudante,"União das freguesias de Aldoar, Foz do Douro e Nevogilde",1333,0.12190214906264289
"União das freguesias de Aldoar, Foz do Douro e Nevogilde",M,Estudante,"União das freguesias de Aldoar, Foz do Douro e Nevogilde",1263,0.11550068587105625
"União das freguesias de Aldoar, Foz do Douro e Nevogilde",H,Estudante,Bonfim,204.83333333333334,0.018731900624904742
"União das freguesias de Aldoar, Foz do Douro e Nevogilde",H,Estudante,Campanhã,204.83333333333334,0.018731900624904742
"União das freguesias de Aldoar, Foz do Douro e Nevogilde",H,Estudante,Paranhos,204.83333333333334,0.018731900624904742
"União das freguesias de Aldoar, Foz do Douro e Nevogilde",H,Estudante,Ramalde,204.83333333333334,0.018731900624904742
"União das freguesias de Aldoar, Foz do Douro e Nevogilde",H,Estudante,"União das freguesias de Cedofeita, Santo Ildefonso, Sé, Miragaia, São Nicolau e Vitória",204.83333333333334,0.018731900624904742
"União das freguesias de Aldoar, Foz do Douro e Nevogilde",H,Estudante,União das freguesias de Lordelo do Ouro e Massarelos,204.83333333333334,0.018731900624904742
"União das freguesias de Aldoar, Foz do Douro e Nevogilde",M,Empregada,"União das freguesias de Aldoar, Foz do Douro e Nevogilde",1008,0.09218106995884774
"União das freguesias de Aldoar, Foz do Douro e Nevogilde",M,Total,"União das freguesias de Aldoar, Foz do Douro e Nevogilde",2271,0.20768175582990397
"União das freguesias de Aldoar, Foz do Douro e Nevogilde",M,Estudante,Bonfim,194.0,0.01774119798811157
"União das freguesias de Aldoar, Foz do Douro e Nevogilde",M,Estudante,Campanhã,194.0,0.01774119798811157
"União das freguesias de Aldoar, Foz do Douro e Nevogilde",M,Estudante,Paranhos,194.0,0.01774119798811157
"União das freguesias de Aldoar, Foz do Douro e Nevogilde",M,Estudante,Ramalde,194.0,0.01774119798811157
"União das freguesias de Aldoar, Foz do Douro e Nevogilde",M,Estudante,"União das freguesias de Cedofeita, Santo Ildefonso, Sé, Miragaia, São Nicolau e Vitória",194.0,0.01774119798811157
"União das freguesias de Aldoar, Foz do Douro e Nevogilde",M,Estudante,União das freguesias de Lordelo do Ouro e Massarelos,194.0,0.01774119798811157
"União das freguesias de Aldoar, Foz do Douro e Nevogilde",HM,Total,Total,10935,1.0
"União das freguesias de Cedofeita, Santo Ildefonso, Sé, Miragaia, São Nicolau e Vitória",HM,Total,"União das freguesias de Cedofeita, Santo Ildefonso, Sé, Miragaia, São Nicolau e Vitória",6085,0.4613343442001516
"União das freguesias de Cedofeita, Santo Ildefonso, Sé, Miragaia, São Nicolau e Vitória",HM,Total,Total,13190,1.0
"União das freguesias de Cedofeita, Santo Ildefonso, Sé, Miragaia, São Nicolau e Vitória",HM,Total,Bonfim,1184.1666666666667,0.08977760929997473
"União das freguesias de Cedofeita, Santo Ildefonso, Sé, Miragaia, São Nicolau e Vitória",HM,Total,Campanhã,1184.1666666666667,0.08977760929997473
"União das freguesias de Cedofeita, Santo Ildefonso, Sé, Miragaia, São Nicolau e Vitória",HM,Total,Paranhos,1184.1666666666667,0.08977760929997473
"União das freguesias de Cedofeita, Santo Ildefonso, Sé, Miragaia, São Nicolau e Vitória",HM,Total,Ramalde,1184.1666666666667,0.08977760929997473
"União das freguesias de Cedofeita, Santo Ildefonso, Sé, Miragaia, São Nicolau e Vitória",HM,Total,"União das freguesias de Aldoar, Foz do Douro e Nevogilde",1184.1666666666667,0.08977760929997473
"União das freguesias de Cedofeita, Santo Ildefonso, Sé, Miragaia, São Nicolau e Vitória",HM,Total,União das freguesias de Lordelo do Ouro e Massarelos,1184.1666666666667,0.08977760929997473
"União das freguesias de Cedofeita, Santo Ildefonso, Sé, Miragaia, São Nicolau e Vitória",H,Estudante,"União das freguesias de Cedofeita, Santo Ildefonso, Sé, Miragaia, São Nicolau e Vitória",1022,0.07748294162244124
"União das freguesias de Cedofeita, Santo Ildefonso, Sé, Miragaia, São Nicolau e Vitória",H,Estudante,Bonfim,174.0,0.013191811978771797
"União das freguesias de Cedofeita, Santo Ildefonso, Sé, Miragaia, São Nicolau e Vitória",H,Estudante,Campanhã,174.0,0.013191811978771797
"União das freguesias de Cedofeita, Santo Ildefonso, Sé, Miragaia, São Nicolau e Vitória",H,Estudante,Paranhos,174.0,0.013191811978771797
"União das freguesias de Cedofeita, Santo Ildefonso, Sé, Miragaia, São Nicolau e Vitória",H,Estudante,Ramalde,174.0,0.013191811978771797
"União das freguesias de Cedofeita, Santo Ildefonso, Sé, Miragaia, São Nicolau e Vitória",H,Estudante,"União das freguesias de Aldoar, Foz do Douro e Nevogilde",174.0,0.013191811978771797
"União das freguesias de Cedofeita, Santo Ildefonso, Sé, Miragaia, São Nicolau e Vitória",H,Estudante,União das freguesias de Lordelo do Ouro e Massarelos,174.0,0.013191811978771797
"União das freguesias de Cedofeita, Santo Ildefonso, Sé, Miragaia, São Nicolau e Vitória",M,Estudante,Bonfim,181.66666666666666,0.013773060399292393
"União das freguesias de Cedofeita, Santo Ildefonso, Sé, Miragaia, São Nicolau e Vitória",M,Estudante,Campanhã,181.66666666666666,0.013773060399292393
"União das freguesias de Cedofeita, Santo Ildefonso, Sé, Miragaia, São Nicolau e Vitória",M,Estudante,Paranhos,181.66666666666666,0.013773060399292393
"União das freguesias de Cedofeita, Santo Ildefonso, Sé, Miragaia, São Nicolau e Vitória",M,Estudante,Ramalde,181.66666666666666,0.013773060399292393
"União das freguesias de Cedofeita, Santo Ildefonso, Sé, Miragaia, São Nicolau e Vitória",M,Estudante,"União das freguesias de Aldoar, Foz do Douro e Nevogilde",181.66666666666666,0.013773060399292393
"União das freguesias de Cedofeita, Santo Ildefonso, Sé, Miragaia, São Nicolau e Vitória",M,Estudante,União das freguesias de Lordelo do Ouro e Massarelos,181.66666666666666,0.013773060399292393
"União das freguesias de Cedofeita, Santo Ildefonso, Sé, Miragaia, São Nicolau e Vitória",H,Empregada,"União das freguesias de Cedofeita, Santo Ildefonso, Sé, Miragaia, São Nicolau e Vitória",1737,0.13169067475360122
"União das freguesias de Cedofeita, Santo Ildefonso, Sé, Miragaia, São Nicolau e Vitória",HM,Estudante,"União das freguesias de Cedofeita, Santo Ildefonso, Sé, Miragaia, São Nicolau e Vitória",2132,0.16163760424564064
"União das freguesias de Cedofeita, Santo Ildefonso, Sé, Miragaia, São Nicolau e Vitória",HM,Estudante,Bonfim,355.6666666666667,0.026964872378064192
"União das freguesias de Cedofeita, Santo Ildefonso, Sé, Miragaia, São Nicolau e Vitória",HM,Estudante,Campanhã,355.6666666666667,0.026964872378064192
"União das freguesias de Cedofeita, Santo Ildefonso, Sé, Miragaia, São Nicolau e Vitória",HM,Estudante,Paranhos,355.6666666666667,0.026964872378064192
"União das freguesias de Cedofeita, Santo Ildefonso, Sé, Miragaia, São Nicolau e Vitória",HM,Estudante,Ramalde,355.6666666666667,0.026964872378064192
"União das freguesias de Cedofeita, Santo Ildefonso, Sé, Miragaia, São Nicolau e Vitória",HM,Estudante,"União das freguesias de Aldoar, Foz do Douro e Nevogilde",355.6666666666667,0.026964872378064192
"União das freguesias de Cedofeita, Santo Ildefonso, Sé, Miragaia, São Nicolau e Vitória",HM,Estudante,União das freguesias de Lordelo do Ouro e Massarelos,355.6666666666667,0.026964872378064192
"União das freguesias de Cedofeita, Santo Ildefonso, Sé, Miragaia, São Nicolau e Vitória",M,Estudante,"União das freguesias de Cedofeita, Santo Ildefonso, Sé, Miragaia, São Nicolau e Vitória",1110,0.0841546626231994
"União das freguesias de Cedofeita, Santo Ildefonso, Sé, Miragaia, São Nicolau e Vitória",H,Empregada,Bonfim,374.6666666666667,0.028405357594136975
"União das freguesias de Cedofeita, Santo Ildefonso, Sé, Miragaia, São Nicolau e Vitória",H,Empregada,Campanhã,374.6666666666667,0.028405357594136975
"União das freguesias de Cedofeita, Santo Ildefonso, Sé, Miragaia, São Nicolau e Vitória",H,Empregada,Paranhos,374.6666666666667,0.028405357594136975
"União das freguesias de Cedofeita, Santo Ildefonso, Sé, Miragaia, São Nicolau e Vitória",H,Empregada,Ramalde,374.6666666666667,0.028405357594136975
"União das freguesias de Cedofeita, Santo Ildefonso, Sé, Miragaia, São Nicolau e Vitória",H,Empregada,"União das freguesias de Aldoar, Foz do Douro e Nevogilde",374.6666666666667,0.028405357594136975
"União das freguesias de Cedofeita, Santo Ildefonso, Sé, Miragaia, São Nicolau e Vitória",H,Empregada,União das freguesias de Lordelo do Ouro e Massarelos,374.6666666666667,0.028405357594136975
"União das freguesias de Cedofeita, Santo Ildefonso, Sé, Miragaia, São Nicolau e Vitória",HM,Empregada,Bonfim,828.5,0.06281273692191054
"União das freguesias de Cedofeita, Santo Ildefonso, Sé, Miragaia, São Nicolau e Vitória",HM,Empregada,Campanhã,828.5,0.06281273692191054
"União das freguesias de Cedofeita, Santo Ildefonso, Sé, Miragaia, São Nicolau e Vitória",HM,Empregada,Paranhos,828.5,0.06281273692191054
"União das freguesias de Cedofeita, Santo Ildefonso, Sé, Miragaia, São Nicolau e Vitória",HM,Empregada,Ramalde,828.5,0.06281273692191054
"União das freguesias de Cedofeita, Santo Ildefonso, Sé, Miragaia, São Nicolau e Vitória",HM,Empregada,"União das freguesias de Aldoar, Foz do Douro e Nevogilde",828.5,0.06281273692191054
"União das freguesias de Cedofeita, Santo Ildefonso, Sé, Miragaia, São Nicolau e Vitória",HM,Empregada,União das freguesias de Lordelo do Ouro e Massarelos,828.5,0.06281273692191054
"União das freguesias de Cedofeita, Santo Ildefonso, Sé, Miragaia, São Nicolau e Vitória",M,Empregada,"União das freguesias de Cedofeita, Santo Ildefonso, Sé, Miragaia, São Nicolau e Vitória",2216,0.16800606520090977
"União das freguesias de Cedofeita, Santo Ildefonso, Sé, Miragaia, São Nicolau e Vitória",M,Total,Bonfim,635.5,0.04818043972706596
"União das freguesias de Cedofeita, Santo Ildefonso, Sé, Miragaia, São Nicolau e Vitória",M,Total,Campanhã,635.5,0.04818043972706596
"União das freguesias de Cedofeita, Santo Ildefonso, Sé, Miragaia, São Nicolau e Vitória",M,Total,Paranhos,635.5,0.04818043972706596
"União das freguesias de Cedofeita, Santo Ildefonso, Sé, Miragaia, São Nicolau e Vitória",M,Total,Ramalde,635.5,0.04818043972706596
"União das freguesias de Cedofeita, Santo Ildefonso, Sé, Miragaia, São Nicolau e Vitória",M,Total,"União das freguesias de Aldoar, Foz do Douro e Nevogilde",635.5,0.04818043972706596
"União das freguesias de Cedofeita, Santo Ildefonso, Sé, Miragaia, São Nicolau e Vitória",M,Total,União das freguesias de Lordelo do Ouro e Massarelos,635.5,0.04818043972706596
"União das freguesias de Cedofeita, Santo Ildefonso, Sé, Miragaia, São Nicolau e Vitória",M,Total,"União das freguesias de Cedofeita, Santo Ildefonso, Sé, Miragaia, São Nicolau e Vitória",3326,0.2521607278241092
"União das freguesias de Cedofeita, Santo Ildefonso, Sé, Miragaia, São Nicolau e Vitória",HM,Empregada,"União das freguesias de Cedofeita, Santo Ildefonso, Sé, Miragaia, São Nicolau e Vitória",3953,0.299696739954511
"União das freguesias de Cedofeita, Santo Ildefonso, Sé, Miragaia, São Nicolau e Vitória",H,Total,"União das freguesias de Cedofeita, Santo Ildefonso, Sé, Miragaia, São Nicolau e Vitória",2759,0.20917361637604245
"União das freguesias de Cedofeita, Santo Ildefonso, Sé, Miragaia, São Nicolau e Vitória",M,Empregada,Bonfim,453.8333333333333,0.03440737932777357
"União das freguesias de Cedofeita, Santo Ildefonso, Sé, Miragaia, São Nicolau e Vitória",M,Empregada,Campanhã,453.8333333333333,0.03440737932777357
"União das freguesias de Cedofeita, Santo Ildefonso, Sé, Miragaia, São Nicolau e Vitória",M,Empregada,Paranhos,453.8333333333333,0.03440737932777357
"União das freguesias de Cedofeita, Santo Ildefonso, Sé, Miragaia, São Nicolau e Vitória",M,Empregada,Ramalde,453.8333333333333,0.03440737932777357
"União das freguesias de Cedofeita, Santo Ildefonso, Sé, Miragaia, São Nicolau e Vitória",M,Empregada,"União das freguesias de Aldoar, Foz do Douro e Nevogilde",453.8333333333333,0.03440737932777357
"União das freguesias de Cedofeita, Santo Ildefonso, Sé, Miragaia, São Nicolau e Vitória",M,Empregada,União das freguesias de Lordelo do Ouro e Massarelos,453.8333333333333,0.03440737932777357
"União das freguesias de Cedofeita, Santo Ildefonso, Sé, Miragaia, São Nicolau e Vitória",H,Total,Bonfim,548.6666666666666,0.041597169572908765
"União das freguesias de Cedofeita, Santo Ildefonso, Sé, Miragaia, São Nicolau e Vitória",H,Total,Campanhã,548.6666666666666,0.041597169572908765
"União das freguesias de Cedofeita, Santo Ildefonso, Sé, Miragaia, São Nicolau e Vitória",H,Total,Paranhos,548.6666666666666,0.041597169572908765
"União das freguesias de Cedofeita, Santo Ildefonso, Sé, Miragaia, São Nicolau e Vitória",H,Total,Ramalde,548.6666666666666,0.041597169572908765
"União das freguesias de Cedofeita, Santo Ildefonso, Sé, Miragaia, São Nicolau e Vitória",H,Total,"União das freguesias de Aldoar, Foz do Douro e Nevogilde",548.6666666666666,0.041597169572908765
"União das freguesias de Cedofeita, Santo Ildefonso, Sé, Miragaia, São Nicolau e Vitória",H,Total,União das freguesias de Lordelo do Ouro e Massarelos,548.6666666666666,0.041597169572908765
União das freguesias de Lordelo do Ouro e Massarelos,H,Total,União das freguesias de Lordelo do Ouro e Massarelos,1816,0.16717297247537513
União das freguesias de Lordelo do Ouro e Massarelos,M,Estudante,União das freguesias de Lordelo do Ouro e Massarelos,969,0.0892018779342723
União das freguesias de Lordelo do Ouro e Massarelos,H,Estudante,União das freguesias de Lordelo do Ouro e Massarelos,986,0.09076682316118936
União das freguesias de Lordelo do Ouro e Massarelos,M,Empregada,União das freguesias de Lordelo do Ouro e Massarelos,1166,0.1073368314461935
União das freguesias de Lordelo do Ouro e Massarelos,HM,Total,Total,10863,1.0
União das freguesias de Lordelo do Ouro e Massarelos,M,Estudante,Bonfim,199.33333333333334,0.0183497499156157
União das freguesias de Lordelo do Ouro e Massarelos,M,Estudante,Campanhã,199.33333333333334,0.0183497499156157
União das freguesias de Lordelo do Ouro e Massarelos,M,Estudante,Paranhos,199.33333333333334,0.0183497499156157
União das freguesias de Lordelo do Ouro e Massarelos,M,Estudante,Ramalde,199.33333333333334,0.0183497499156157
União das freguesias de Lordelo do Ouro e Massarelos,M,Estudante,"União das freguesias de Aldoar, Foz do Douro e Nevogilde",199.33333333333334,0.0183497499156157
União das freguesias de Lordelo do Ouro e Massarelos,M,Estudante,"União das freguesias de Cedofeita, Santo Ildefonso, Sé, Miragaia, São Nicolau e Vitória",199.33333333333334,0.0183497499156157
União das freguesias de Lordelo do Ouro e Massarelos,H,Estudante,Bonfim,209.16666666666666,0.019254963331185367
União das freguesias de Lordelo do Ouro e Massarelos,H,Estudante,Campanhã,209.16666666666666,0.019254963331185367
União das freguesias de Lordelo do Ouro e Massarelos,H,Estudante,Paranhos,209.16666666666666,0.019254963331185367
União das freguesias de Lordelo do Ouro e Massarelos,H,Estudante,Ramalde,209.16666666666666,0.019254963331185367
União das freguesias de Lordelo do Ouro e Massarelos,H,Estudante,"União das freguesias de Aldoar, Foz do Douro e Nevogilde",209.16666666666666,0.019254963331185367
União das freguesias de Lordelo do Ouro e Massarelos,H,Estudante,"União das freguesias de Cedofeita, Santo Ildefonso, Sé, Miragaia, São Nicolau e Vitória",209.16666666666666,0.019254963331185367
União das freguesias de Lordelo do Ouro e Massarelos,H,Empregada,Bonfim,325.5,0.029964098315382492
União das freguesias de Lordelo do Ouro e Massarelos,H,Empregada,Campanhã,325.5,0.029964098315382492
União das freguesias de Lordelo do Ouro e Massarelos,H,Empregada,Paranhos,325.5,0.029964098315382492
União das freguesias de Lordelo do Ouro e Massarelos,H,Empregada,Ramalde,325.5,0.029964098315382492
União das freguesias de Lordelo do Ouro e Massarelos,H,Empregada,"União das freguesias de Aldoar, Foz do Douro e Nevogilde",325.5,0.029964098315382492
União das freguesias de Lordelo do Ouro e Massarelos,H,Empregada,"União das freguesias de Cedofeita, Santo Ildefonso, Sé, Miragaia, São Nicolau e Vitória",325.5,0.029964098315382492
União das freguesias de Lordelo do Ouro e Massarelos,HM,Empregada,Bonfim,743.5,0.06844333977722544
União das freguesias de Lordelo do Ouro e Massarelos,HM,Empregada,Campanhã,743.5,0.06844333977722544
União das freguesias de Lordelo do Ouro e Massarelos,HM,Empregada,Paranhos,743.5,0.06844333977722544
União das freguesias de Lordelo do Ouro e Massarelos,HM,Empregada,Ramalde,743.5,0.06844333977722544
União das freguesias de Lordelo do Ouro e Massarelos,HM,Empregada,"União das freguesias de Aldoar, Foz do Douro e Nevogilde",743.5,0.06844333977722544
União das freguesias de Lordelo do Ouro e Massarelos,HM,Empregada,"União das freguesias de Cedofeita, Santo Ildefonso, Sé, Miragaia, São Nicolau e Vitória",743.5,0.06844333977722544
União das freguesias de Lordelo do Ouro e Massarelos,HM,Empregada,União das freguesias de Lordelo do Ouro e Massarelos,1996,0.18374298076037926
União das freguesias de Lordelo do Ouro e Massarelos,M,Total,União das freguesias de Lordelo do Ouro e Massarelos,2135,0.1965387093804658
União das freguesias de Lordelo do Ouro e Massarelos,HM,Estudante,Bonfim,408.5,0.03760471324680107
União das freguesias de Lordelo do Ouro e Massarelos,HM,Estudante,Campanhã,408.5,0.03760471324680107
União das freguesias de Lordelo do Ouro e Massarelos,HM,Estudante,Paranhos,408.5,0.03760471324680107
União das freguesias de Lordelo do Ouro e Massarelos,HM,Estudante,Ramalde,408.5,0.03760471324680107
União das freguesias de Lordelo do Ouro e Massarelos,HM,Estudante,"União das freguesias de Aldoar, Foz do Douro e Nevogilde",408.5,0.03760471324680107
União das freguesias de Lordelo do Ouro e Massarelos,HM,Estudante,"União das freguesias de Cedofeita, Santo Ildefonso, Sé, Miragaia, São Nicolau e Vitória",408.5,0.03760471324680107
União das freguesias de Lordelo do Ouro e Massarelos,M,Empregada,Bonfim,418.0,0.03847924146184295
União das freguesias de Lordelo do Ouro e Massarelos,M,Empregada,Campanhã,418.0,0.03847924146184295
União das freguesias de Lordelo do Ouro e Massarelos,M,Empregada,Paranhos,418.0,0.03847924146184295
União das freguesias de Lordelo do Ouro e Massarelos,M,Empregada,Ramalde,418.0,0.03847924146184295
União das freguesias de Lordelo do Ouro e Massarelos,M,Empregada,"União das freguesias de Aldoar, Foz do Douro e Nevogilde",418.0,0.03847924146184295
União das freguesias de Lordelo do Ouro e Massarelos,M,Empregada,"União das freguesias de Cedofeita, Santo Ildefonso, Sé, Miragaia, São Nicolau e Vitória",418.0,0.03847924146184295
União das freguesias de Lordelo do Ouro e Massarelos,H,Total,Bonfim,534.6666666666666,0.049219061646567856
União das freguesias de Lordelo do Ouro e Massarelos,H,Total,Campanhã,534.6666666666666,0.049219061646567856
União das freguesias de Lordelo do Ouro e Massarelos,H,Total,Paranhos,534.6666666666666,0.049219061646567856
União das freguesias de Lordelo do Ouro e Massarelos,H,Total,Ramalde,534.6666666666666,0.049219061646567856
União das freguesias de Lordelo do Ouro e Massarelos,H,Total,"União das freguesias de Aldoar, Foz do Douro e Nevogilde",534.6666666666666,0.049219061646567856
União das freguesias de Lordelo do Ouro e Massarelos,H,Total,"União das freguesias de Cedofeita, Santo Ildefonso, Sé, Miragaia, São Nicolau e Vitória",534.6666666666666,0.049219061646567856
União das freguesias de Lordelo do Ouro e Massarelos,M,Total,Bonfim,617.3333333333334,0.05682899137745866
União das freguesias de Lordelo do Ouro e Massarelos,M,Total,Campanhã,617.3333333333334,0.05682899137745866
União das freguesias de Lordelo do Ouro e Massarelos,M,Total,Paranhos,617.3333333333334,0.05682899137745866
União das freguesias de Lordelo do Ouro e Massarelos,M,Total,Ramalde,617.3333333333334,0.05682899137745866
União das freguesias de Lordelo do Ouro e Massarelos,M,Total,"União das freguesias de Aldoar, Foz do Douro e Nevogilde",617.3333333333334,0.05682899137745866
União das freguesias de Lordelo do Ouro e Massarelos,M,Total,"União das freguesias de Cedofeita, Santo Ildefonso, Sé, Miragaia, São Nicolau e Vitória",617.3333333333334,0.05682899137745866
União das freguesias de Lordelo do Ouro e Massarelos,HM,Total,União das freguesias de Lordelo do Ouro e Massarelos,3951,0.3637116818558409
União das freguesias de Lordelo do Ouro e Massarelos,HM,Total,Bonfim,1152.0,0.1060480530240265
União das freguesias de Lordelo do Ouro e Massarelos,HM,Total,Campanhã,1152.0,0.1060480530240265
União das freguesias de Lordelo do Ouro e Massarelos,HM,Total,Paranhos,1152.0,0.1060480530240265
União das freguesias de Lordelo do Ouro e Massarelos,HM,Total,Ramalde,1152.0,0.1060480530240265
União das freguesias de Lordelo do Ouro e Massarelos,HM,Total,"União das freguesias de Aldoar, Foz do Douro e Nevogilde",1152.0,0.1060480530240265
União das freguesias de Lordelo do Ouro e Massarelos,HM,Total,"União das freguesias de Cedofeita, Santo Ildefonso, Sé, Miragaia, São Nicolau e Vitória",1152.0,0.1060480530240265
União das freguesias de Lordelo do Ouro e Massarelos,HM,Estudante,União das freguesias de Lordelo do Ouro e Massarelos,1955,0.17996870109546165
União das freguesias de Lordelo do Ouro e Massarelos,H,Empregada,União das freguesias de Lordelo do Ouro e Massarelos,830,0.07640614931418577
